11,13,-2
12,17,-5
18,15,3
15,14,1
15,15,0
19,13,6
23,14,9
20,30,-10
21,25,-4
19,18,1
19,22,-3
17,26,-9
23,13,10
29,14,15
25,24,1
25,25,0
27,25,2
18,21,-3
32,25,7
32,18,14
34,18,16
32,22,10
28,24,4
21,27,-6
35,28,7
46,30,16
32,33,-1
37,28,9
34,28,6
39,29,10
31,34,-3
37,33,4
29,37,-8
29,23,6
54,24,30
49,32,17
35,25,10
40,34,6
35,29,6
31,26,5
23,24,-1
32,23,9
44,28,16
35,33,2
33,43,-10
28,29,-1
30,25,5
28,34,-6
36,54,-18
38,36,2
63,51,12
27,42,-15
41,29,12
39,44,-5
38,32,6
40,32,8
30,32,-2
31,39,-8
36,36,0
52,29,23
61,48,13
43,37,6
33,40,-7
56,76,-20
24,48,-24
87,88,-1
70,54,16
62,44,18
40,55,-15
50,48,2
89,74,15
79,43,36
39,59,-20
61,68,-7
48,84,-36
60,45,15
66,73,-7
30,74,-44
62,66,-4
64,76,-12
52,59,-7
71,50,21
59,96,-37
26,70,-44
42,56,-14
43,55,-12
78,60,18
58,62,-4
61,45,16
67,63,4
68,68,0
65,47,18
51,69,-18
41,46,-5
46,44,2
46,93,-47
42,41,1
83,46,37
51,55,-4
41,48,-7
28,53,-25
52,38,14
33,57,-24
45,55,-10
41,47,-6
42,49,-7
38,59,-21
32,37,-5
36,45,-9
31,43,-12
40,47,-7
33,44,-11
53,35,18
44,49,-5
25,62,-37
45,73,-28
68,42,26
39,40,-1
36,41,-5
40,34,6
28,31,-3
33,25,8
28,47,-19
26,38,-12
27,26,1
27,44,-17
25,22,3
22,31,-9
27,50,-23
25,43,-18
19,66,-47
29,52,-23
26,34,-8
29,28,1
35,24,11
30,24,6
21,36,-15
26,35,-9
25,33,-8
23,22,1
28,28,0
15,23,-8
14,39,-25
24,38,-14
18,31,-13
16,21,-5
15,24,-9
28,24,4
23,34,-11
26,37,-11
39,25,14
23,25,-2
24,30,-6
21,23,-2
21,31,-10
24,25,-1
29,29,0
22,24,-2
36,26,10
30,15,15
41,19,22
26,19,7
25,30,-5
44,21,23
49,30,19
49,23,26
37,20,17
36,27,9
40,30,10
52,21,31
28,26,2
72,21,51
58,23,35
43,30,13
49,26,23
33,24,9
32,32,0
36,32,4
39,28,11
41,30,11
46,29,17
66,30,36
43,37,6
33,30,3
59,27,32
82,23,59
55,27,28
50,25,25
49,29,20
60,38,22
59,32,27
67,42,25
77,34,43
70,34,36
60,26,34
42,55,-13
48,45,3
62,32,30
60,30,30
55,27,28
47,29,18
36,44,-8
51,40,11
59,48,11
49,40,9
91,38,53
45,45,0
59,42,17
55,40,15
66,28,38
65,46,19
46,38,8
56,41,15
50,48,2
47,37,10
55,28,27
55,62,-7
56,44,12
43,62,-19
49,35,14
63,48,15
61,41,20
54,69,-15
60,52,8
46,31,15
39,45,-6
66,55,11
67,39,28
54,65,-11
53,60,-7
63,44,19
49,49,0
68,34,34
51,42,9
74,84,-10
57,70,-13
48,57,-9
52,35,17
54,45,9
44,44,0
52,51,1
48,55,-7
57,39,18
63,46,17
49,47,2
63,72,-9
60,62,-2
33,68,-35
53,63,-10
52,44,8
54,65,-11
78,59,19
52,75,-23
52,61,-9
48,41,7
42,68,-26
53,71,-18
65,46,19
63,64,-1
42,70,-28
60,53,7
57,41,16
64,55,9
43,64,-21
60,69,-9
49,70,-21
48,70,-22
45,53,-8
60,43,17
53,94,-41
50,79,-29
49,96,-47
39,58,-19
55,55,0
46,71,-25
46,81,-35
71,70,1
47,83,-36
32,85,-53
49,45,4
30,47,-17
40,46,-6
51,62,-11
43,71,-28
48,57,-9
27,63,-36
46,43,3
69,34,35
44,44,0
52,66,-14
36,58,-22
25,49,-24
47,43,4
56,55,1
44,33,11
41,60,-19
41,86,-45
32,51,-19
32,52,-20
37,62,-25
27,51,-24
23,50,-27
29,61,-32
22,41,-19
33,47,-14
58,33,25
37,48,-11
23,57,-34
21,46,-25
21,54,-33
16,38,-22
21,42,-21
23,35,-12
18,49,-31
18,58,-40
15,40,-25
20,40,-20
19,33,-14
17,35,-18
16,51,-35
20,44,-24
13,62,-49
14,38,-24
28,22,6
17,33,-16
19,18,1
21,29,-8
19,49,-30
15,32,-17
20,21,-1
18,24,-6
32,17,15
32,25,7
18,50,-32
31,25,6
28,32,-4
23,28,-5
21,26,-5
22,36,-14
31,40,-9
22,46,-24
31,34,-3
39,33,6
38,29,9
36,27,9
64,29,35
19,30,-11
50,28,22
61,25,36
48,18,30
36,24,12
37,22,15
26,35,-9
30,30,0
31,31,0
31,39,-8
44,28,16
42,31,11
48,31,17
44,41,3
59,20,39
50,19,31
39,35,4
30,23,7
25,17,8
36,20,16
44,25,19
52,33,19
62,37,25
51,19,32
62,23,39
58,28,30
56,24,32
59,20,39
80,30,50
59,32,27
44,27,17
49,31,18
46,26,20
60,26,34
68,23,45
44,31,13
73,39,34
50,30,20
54,31,23
55,28,27
58,27,31
66,48,18
56,45,11
56,27,29
48,39,9
31,37,-6
50,33,17
54,37,17
64,27,37
54,38,16
60,36,24
56,36,20
51,59,-8
79,42,37
70,33,37
36,46,-10
39,41,-2
50,41,9
40,43,-3
54,33,21
67,40,27
39,38,1
51,41,10
41,52,-11
55,50,5
74,45,29
39,33,6
46,33,13
41,39,2
53,42,11
44,39,5
67,42,25
59,43,16
49,65,-16
49,39,10
41,58,-17
46,49,-3
56,44,12
61,43,18
64,74,-10
51,30,21
43,49,-6
44,50,-6
44,56,-12
48,52,-4
43,54,-11
59,66,-7
46,51,-5
55,67,-12
62,72,-10
63,57,6
61,32,29
38,41,-3
37,57,-20
49,80,-31
45,76,-31
50,55,-5
45,60,-15
49,51,-2
35,55,-20
38,42,-4
60,62,-2
44,60,-16
48,70,-22
40,47,-7
34,32,2
44,60,-16
43,45,-2
32,46,-14
41,59,-18
35,47,-12
49,61,-12
49,68,-19
51,70,-19
45,70,-25
65,61,4
60,52,8
40,44,-4
41,56,-15
34,39,-5
25,60,-35
22,61,-39
31,40,-9
20,50,-30
32,61,-29
27,54,-27
26,42,-16
24,47,-23
43,45,-2
23,32,-9
35,46,-11
26,35,-9
34,49,-15
30,68,-38
45,60,-15
26,42,-16
18,41,-23
18,53,-35
17,50,-33
29,48,-19
22,40,-18
20,40,-20
35,36,-1
20,36,-16
19,42,-23
21,34,-13
28,42,-14
19,39,-20
18,42,-24
20,79,-59
16,40,-24
17,44,-27
12,35,-23
15,33,-18
20,40,-20
26,44,-18
13,50,-37
19,32,-13
21,42,-21
20,29,-9
15,19,-4
18,33,-15
23,36,-13
15,55,-40
27,37,-10
20,32,-12
21,33,-12
14,32,-18
15,27,-12
13,41,-28
21,33,-12
22,52,-30
34,44,-10
25,15,10
17,64,-47
47,38,9
34,40,-6
25,25,0
32,29,3
51,35,16
24,26,-2
52,22,30
45,34,11
62,25,37
66,30,36
37,29,8
40,26,14
29,26,3
41,43,-2
23,34,-11
41,26,15
31,34,-3
51,39,12
73,34,39
51,42,9
41,20,21
61,31,30
67,39,28
47,26,21
32,32,0
38,22,16
32,28,4
33,30,3
40,43,-3
41,48,-7
49,35,14
65,18,47
81,40,41
39,31,8
66,36,30
55,26,29
60,35,25
65,29,36
33,30,3
49,27,22
29,30,-1
52,17,35
43,19,24
33,20,13
49,25,24
55,23,32
36,36,0
55,43,12
33,32,1
44,33,11
47,29,18
32,73,-41
33,27,6
29,23,6
29,24,5
32,25,7
32,20,12
28,26,2
51,26,25
28,19,9
50,40,10
34,92,-58
41,28,13
32,25,7
23,21,2
45,23,22
47,49,-2
38,26,12
32,26,6
62,36,26
50,30,20
56,42,14
24,25,-1
84,36,48
40,36,4
25,33,-8
46,30,16
49,51,-2
39,52,-13
42,48,-6
48,58,-10
52,41,11
46,52,-6
44,43,1
34,36,-2
40,50,-10
33,47,-14
53,45,8
39,43,-4
31,52,-21
50,47,3
49,39,10
47,39,8
72,36,36
62,39,23
47,35,12
56,30,26
30,44,-14
50,35,15
49,53,-4
58,43,15
57,55,2
37,47,-10
45,46,-1
27,35,-8
39,48,-9
42,37,5
33,31,2
42,61,-19
39,47,-8
26,49,-23
39,32,7
48,50,-2
37,20,17
45,66,-21
58,67,-9
50,53,-3
46,57,-11
46,42,4
49,32,17
57,47,10
53,46,7
47,60,-13
44,64,-20
55,51,4
59,92,-33
46,66,-20
32,60,-28
33,42,-9
34,51,-17
24,34,-10
54,44,10
26,44,-18
32,33,-1
25,31,-6
19,33,-14
25,27,-2
35,26,9
36,23,13
20,56,-36
28,50,-22
35,62,-27
20,46,-26
30,46,-16
36,47,-11
26,36,-10
22,46,-24
21,37,-16
31,35,-4
20,33,-13
24,40,-16
26,39,-13
29,41,-12
18,87,-69
16,20,-4
20,27,-7
15,18,-3
16,30,-14
14,34,-20
20,29,-9
19,32,-13
15,38,-23
21,50,-29
12,45,-33
21,74,-53
28,33,-5
20,46,-26
14,28,-14
21,35,-14
15,39,-24
16,79,-63
18,61,-43
12,42,-30
16,51,-35
25,35,-10
21,36,-15
21,59,-38
18,45,-27
20,43,-23
27,34,-7
28,34,-6
32,35,-3
29,40,-11
35,36,-1
23,40,-17
39,40,-1
54,33,21
33,37,-4
25,40,-15
23,59,-36
31,59,-28
38,53,-15
40,52,-12
36,48,-12
35,48,-13
47,33,14
52,58,-6
63,39,24
45,17,28
36,44,-8
26,41,-15
19,49,-30
14,39,-25
34,32,2
28,42,-14
34,41,-7
35,31,4
38,36,2
45,26,19
33,35,-2
46,42,4
53,23,30
48,36,12
36,34,2
31,33,-2
27,31,-4
36,45,-9
35,31,4
45,36,9
35,30,5
47,47,0
39,30,9
41,42,-1
53,26,27
36,22,14
40,39,1
35,18,17
38,39,-1
38,27,11
41,26,15
62,27,35
38,29,9
31,33,-2
50,23,27
35,40,-5
32,34,-2
63,29,34
46,33,13
42,23,19
40,29,11
28,38,-10
36,46,-10
31,28,3
29,30,-1
25,26,-1
33,30,3
35,26,9
25,34,-9
52,41,11
46,31,15
47,24,23
40,36,4
30,39,-9
26,25,1
40,20,20
38,28,10
40,21,19
50,24,26
44,50,-6
40,42,-2
64,29,35
67,23,44
62,19,43
44,30,14
20,28,-8
27,45,-18
26,35,-9
37,26,11
36,32,4
40,33,7
47,33,14
29,22,7
43,32,11
28,24,4
53,31,22
35,28,7
28,22,6
39,30,9
27,31,-4
35,21,14
43,35,8
47,26,21
43,28,15
37,27,10
30,28,2
36,30,6
30,33,-3
39,34,5
26,36,-10
39,36,3
27,33,-6
26,35,-9
40,34,6
29,46,-17
20,51,-31
22,40,-18
26,35,-9
28,24,4
42,27,15
39,20,19
31,28,3
39,31,8
27,31,-4
32,24,8
26,20,6
19,38,-19
42,36,6
33,32,1
24,34,-10
25,31,-6
27,22,5
26,24,2
22,30,-8
30,45,-15
27,26,1
17,31,-14
28,36,-8
32,30,2
22,38,-16
11,45,-34
29,45,-16
22,38,-16
22,58,-36
24,23,1
35,36,-1
16,37,-21
20,31,-11
22,52,-30
19,29,-10
16,35,-19
27,33,-6
16,24,-8
18,36,-18
16,44,-28
16,52,-36
14,36,-22
23,27,-4
15,40,-25
21,29,-8
23,32,-9
15,29,-14
20,26,-6
24,65,-41
16,56,-40
22,41,-19
28,53,-25
14,45,-31
23,29,-6
16,28,-12
12,29,-17
26,37,-11
18,24,-6
19,24,-5
13,32,-19
13,36,-23
16,33,-17
19,16,3
18,44,-26
20,37,-17
11,23,-12
14,31,-17
22,28,-6
24,30,-6
12,33,-21
13,28,-15
16,42,-26
19,28,-9
23,27,-4
17,36,-19
13,21,-8
14,35,-21
17,43,-26
15,40,-25
21,31,-10
14,22,-8
10,30,-20
19,23,-4
14,25,-11
13,26,-13
26,36,-10
22,35,-13
30,33,-3
17,28,-11
20,32,-12
17,29,-12
12,31,-19
15,26,-11
28,27,1
18,24,-6
19,23,-4
16,30,-14
21,29,-8
12,36,-24
17,22,-5
15,31,-16
15,36,-21
19,34,-15
22,37,-15
17,25,-8
15,19,-4
18,28,-10
23,29,-6
20,31,-11
20,22,-2
17,38,-21
22,17,5
21,23,-2
20,21,-1
17,38,-21
18,27,-9
19,24,-5
16,18,-2
27,30,-3
20,40,-20
24,24,0
20,28,-8
19,33,-14
14,17,-3
14,21,-7
12,18,-6
16,19,-3
20,24,-4
17,21,-4
19,19,0
18,22,-4
19,25,-6
20,22,-2
12,22,-10
14,26,-12
14,25,-11
24,26,-2
20,17,3
19,16,3
15,21,-6
23,21,2
26,15,11
35,19,16
21,19,2
18,19,-1
19,20,-1
16,17,-1
17,15,2
22,29,-7
18,25,-7
15,19,-4
21,26,-5
14,20,-6
22,20,2
12,23,-11
17,13,4
22,18,4
19,13,6
16,14,2
17,32,-15
15,26,-11
17,15,2
29,19,10
27,19,8
20,17,3
26,12,14
22,20,2
10,28,-18
35,19,16
18,21,-3
13,15,-2
14,22,-8
14,18,-4
16,24,-8
16,21,-5
20,26,-6
23,19,4
28,18,10
19,14,5
13,18,-5
14,26,-12
13,19,-6
15,20,-5
19,27,-8
16,20,-4
17,27,-10
15,23,-8
16,15,1
13,21,-8
14,22,-8
15,19,-4
16,13,3
24,17,7
20,23,-3
10,19,-9
17,18,-1
14,20,-6
18,27,-9
19,29,-10
18,26,-8
19,28,-9
20,15,5
21,18,3
19,22,-3
12,16,-4
16,18,-2
13,14,-1
18,19,-1
14,19,-5
17,17,0
14,18,-4
15,18,-3
20,15,5
15,22,-7
19,27,-8
13,20,-7
19,23,-4
16,21,-5
26,16,10
17,20,-3
17,31,-14
17,26,-9
14,13,1
18,25,-7
26,17,9
28,20,8
19,20,-1
25,27,-2
28,20,8
34,35,-1
32,30,2
20,38,-18
31,19,12
28,32,-4
25,17,8
23,29,-6
27,35,-8
29,34,-5
33,29,4
17,26,-9
53,21,32
54,21,33
42,22,20
24,23,1
34,24,10
31,23,8
38,28,10
34,20,14
50,24,26
41,36,5
75,31,44
88,25,63
32,47,-15
90,36,54
92,22,70
63,40,23
37,27,10
48,54,-6
38,35,3
47,35,12
38,28,10
46,35,11
55,34,21
74,35,39
55,51,4
46,54,-8
58,43,15
77,31,46
79,34,45
43,24,19
40,27,13
55,29,26
36,36,0
55,38,17
58,26,32
51,38,13
67,36,31
50,34,16
33,34,-1
63,40,23
45,42,3
58,32,26
55,27,28
44,46,-2
45,35,10
48,41,7
36,44,-8
53,31,22
50,26,24
63,46,17
50,48,2
47,51,-4
76,39,37
58,30,28
58,34,24
49,36,13
54,46,8
51,45,6
81,34,47
65,51,14
53,36,17
58,18,40
49,37,12
50,49,1
52,40,12
49,21,28
50,19,31
38,33,5
47,31,16
45,38,7
54,37,17
46,29,17
42,49,-7
45,54,-9
55,43,12
63,41,22
31,54,-23
63,38,25
59,29,30
47,34,13
39,32,7
49,48,1
47,33,14
57,52,5
48,31,17
39,55,-16
70,63,7
47,57,-10
46,32,14
26,28,-2
51,21,30
45,58,-13
47,25,22
40,31,9
36,37,-1
42,37,5
61,39,22
34,39,-5
46,26,20
51,22,29
46,26,20
56,24,32
37,24,13
51,16,35
41,26,15
32,26,6
31,42,-11
46,50,-4
27,24,3
41,20,21
30,18,12
34,31,3
45,15,30
44,16,28
47,23,24
30,32,-2
46,31,15
35,23,12
32,22,10
40,31,9
42,26,16
38,30,8
46,18,28
43,20,23
49,21,28
36,21,15
42,14,28
36,23,13
47,20,27
42,29,13
32,23,9
37,25,12
32,22,10
25,23,2
25,19,6
32,26,6
21,23,-2
22,23,-1
26,21,5
38,22,16
16,23,-7
41,34,7
27,32,-5
30,34,-4
22,30,-8
23,24,-1
19,31,-12
16,26,-10
35,28,7
23,26,-3
16,27,-11
17,28,-11
26,17,9
28,27,1
31,22,9
22,25,-3
23,32,-9
19,25,-6
21,20,1
19,39,-20
18,23,-5
25,29,-4
19,20,-1
21,21,0
33,27,6
23,17,6
14,25,-11
14,17,-3
17,46,-29
18,26,-8
28,33,-5
24,32,-8
38,27,11
23,35,-12
20,31,-11
22,35,-13
17,34,-17
22,27,-5
21,28,-7
31,29,2
34,28,6
28,31,-3
26,31,-5
24,31,-7
44,24,20
38,40,-2
43,29,14
45,23,22
47,42,5
50,34,16
45,38,7
43,34,9
70,39,31
42,50,-8
33,31,2
34,34,0
29,36,-7
46,42,4
46,28,18
53,33,20
44,41,3
39,37,2
40,45,-5
40,48,-8
100,33,67
74,41,33
58,38,20
47,25,22
45,44,1
57,57,0
61,34,27
70,30,40
43,32,11
42,25,17
64,37,27
52,37,15
21,41,-20
81,35,46
61,55,6
44,43,1
47,50,-3
49,51,-2
42,54,-12
40,48,-8
38,105,-67
48,61,-13
50,31,19
44,36,8
54,46,8
38,59,-21
50,51,-1
52,48,4
57,57,0
76,37,39
39,60,-21
39,49,-10
43,49,-6
61,63,-2
40,60,-20
42,55,-13
56,50,6
53,67,-14
61,35,26
49,54,-5
67,67,0
62,40,22
52,48,4
56,45,11
44,39,5
61,35,26
54,48,6
71,44,27
59,44,15
43,50,-7
36,55,-19
52,53,-1
46,48,-2
71,70,1
43,24,19
51,39,12
51,56,-5
50,76,-26
62,48,14
50,60,-10
55,34,21
55,52,3
46,37,9
33,54,-21
36,50,-14
51,35,16
47,49,-2
58,40,18
45,44,1
43,69,-26
38,40,-2
38,47,-9
31,46,-15
31,28,3
29,43,-14
43,56,-13
65,33,32
68,30,38
47,36,11
47,28,19
46,50,-4
44,49,-5
39,51,-12
53,30,23
45,31,14
43,27,16
60,41,19
37,39,-2
41,65,-24
52,42,10
53,50,3
68,51,17
41,57,-16
41,66,-25
36,56,-20
40,47,-7
48,28,20
30,27,3
39,28,11
44,32,12
36,40,-4
17,49,-32
64,40,24
49,36,13
45,46,-1
29,37,-8
24,44,-20
17,35,-18
25,31,-6
44,29,15
30,26,4
31,31,0
26,26,0
26,30,-4
23,37,-14
27,29,-2
17,46,-29
19,47,-28
15,47,-32
20,57,-37
32,33,-1
25,24,1
23,22,1
20,25,-5
16,33,-17
21,34,-13
19,29,-10
21,36,-15
19,25,-6
20,34,-14
21,28,-7
21,34,-13
22,26,-4
19,26,-7
17,29,-12
28,30,-2
19,29,-10
16,33,-17
22,30,-8
23,39,-16
22,31,-9
24,42,-18
25,29,-4
25,40,-15
26,35,-9
19,33,-14
14,26,-12
25,42,-17
22,33,-11
18,37,-19
23,25,-2
58,28,30
28,31,-3
60,24,36
35,26,9
41,29,12
34,27,7
33,24,9
37,25,12
47,23,24
42,20,22
48,32,16
42,34,8
52,29,23
53,34,19
31,33,-2
57,30,27
64,19,45
58,25,33
54,26,28
40,19,21
60,33,27
44,36,8
76,27,49
47,32,15
51,34,17
49,27,22
63,23,40
29,25,4
46,42,4
54,41,13
51,52,-1
57,28,29
36,22,14
45,30,15
42,20,22
69,25,44
38,25,13
57,48,9
60,41,19
59,32,27
46,48,-2
62,43,19
76,47,29
59,32,27
41,53,-12
63,44,19
57,31,26
56,46,10
38,33,5
37,39,-2
39,27,12
54,35,19
54,25,29
30,56,-26
56,51,5
65,67,-2
62,39,23
70,56,14
42,42,0
61,47,14
56,47,9
67,42,25
46,30,16
50,24,26
51,48,3
60,63,-3
42,48,-6
61,47,14
61,31,30
41,54,-13
54,65,-11
53,59,-6
38,41,-3
43,43,0
41,44,-3
42,31,11
39,50,-11
45,52,-7
46,75,-29
36,55,-19
54,20,34
57,35,22
33,43,-10
56,37,19
53,46,7
52,40,12
37,45,-8
45,51,-6
38,69,-31
51,45,6
50,40,10
58,32,26
58,40,18
60,37,23
48,40,8
44,57,-13
47,55,-8
38,51,-13
33,45,-12
31,51,-20
35,22,13
55,66,-11
50,31,19
40,33,7
29,38,-9
49,37,12
51,26,25
62,41,21
59,44,15
47,36,11
27,36,-9
36,21,15
41,59,-18
42,55,-13
47,49,-2
26,32,-6
32,33,-1
29,29,0
50,39,11
63,64,-1
62,53,9
57,49,8
34,41,-7
25,44,-19
25,37,-12
36,68,-32
20,30,-10
25,34,-9
23,33,-10
47,47,0
22,41,-19
26,30,-4
30,41,-11
34,50,-16
19,35,-16
29,30,-1
35,17,18
28,37,-9
26,52,-26
21,44,-23
28,30,-2
21,33,-12
19,31,-12
22,38,-16
18,48,-30
23,37,-14
16,43,-27
15,30,-15
13,54,-41
11,13,-2
15,61,-46
29,44,-15
18,39,-21
14,60,-46
13,27,-14
11,60,-49
20,63,-43
17,56,-39
14,55,-41
15,51,-36
15,55,-40
21,40,-19
13,54,-41
15,60,-45
14,56,-42
17,45,-28
18,29,-11
14,41,-27
10,27,-17
21,62,-41
8,37,-29
17,31,-14
18,26,-8
13,26,-13
22,30,-8
23,54,-31
20,28,-8
33,28,5
26,24,2
34,35,-1
29,32,-3
39,37,2
40,43,-3
34,45,-11
40,39,1
47,23,24
48,24,24
66,25,41
92,34,58
65,28,37
54,22,32
36,19,17
46,21,25
38,16,22
44,17,27
35,27,8
45,26,19
48,24,24
42,38,4
68,40,28
31,46,-15
73,49,24
58,28,30
53,43,10
38,26,12
39,45,-6
19,33,-14
34,32,2
43,25,18
36,26,10
42,34,8
54,34,20
60,40,20
65,31,34
69,38,31
53,34,19
48,39,9
57,43,14
42,29,13
59,33,26
49,26,23
50,35,15
44,45,-1
36,24,12
31,46,-15
38,33,5
36,34,2
44,29,15
44,23,21
28,35,-7
31,31,0
29,32,-3
28,29,-1
40,34,6
46,34,12
44,41,3
32,35,-3
46,33,13
53,44,9
40,23,17
32,25,7
54,38,16
40,29,11
42,26,16
48,33,15
60,32,28
60,31,29
43,25,18
49,43,6
46,34,12
20,32,-12
65,34,31
58,26,32
48,29,19
37,46,-9
30,27,3
23,31,-8
45,30,15
35,32,3
47,37,10
28,35,-7
24,26,-2
30,38,-8
25,33,-8
65,39,26
48,29,19
34,33,1
21,63,-42
44,19,25
24,67,-43
35,44,-9
48,45,3
36,36,0
28,28,0
32,26,6
46,40,6
37,29,8
55,35,20
44,29,15
27,35,-8
29,41,-12
26,23,3
51,33,18
44,41,3
22,36,-14
31,45,-14
32,35,-3
41,31,10
30,40,-10
47,41,6
45,66,-21
37,43,-6
34,41,-7
25,38,-13
22,17,5
40,44,-4
32,45,-13
33,36,-3
40,39,1
43,32,11
26,32,-6
34,28,6
50,28,22
37,39,-2
39,30,9
37,38,-1
29,59,-30
15,23,-8
44,71,-27
29,56,-27
24,57,-33
24,55,-31
15,50,-35
31,40,-9
23,36,-13
22,43,-21
30,55,-25
11,40,-29
16,29,-13
24,43,-19
18,40,-22
25,58,-33
30,54,-24
18,49,-31
23,47,-24
35,39,-4
18,41,-23
18,32,-14
14,49,-35
12,47,-35
14,57,-43
16,41,-25
22,31,-9
13,62,-49
18,62,-44
26,61,-35
11,47,-36
11,49,-38
17,35,-18
27,34,-7
37,43,-6
20,45,-25
23,35,-12
20,48,-28
20,39,-19
15,49,-34
21,50,-29
20,47,-27
19,36,-17
39,40,-1
33,31,2
39,51,-12
22,57,-35
25,41,-16
25,32,-7
19,40,-21
28,29,-1
28,42,-14
38,67,-29
47,51,-4
52,31,21
52,34,18
41,56,-15
72,38,34
79,46,33
47,57,-10
43,37,6
20,45,-25
45,44,1
37,52,-15
30,33,-3
38,75,-37
34,64,-30
39,47,-8
34,61,-27
39,35,4
40,32,8
34,33,1
31,31,0
27,26,1
25,58,-33
50,68,-18
63,56,7
32,25,7
54,31,23
43,44,-1
24,46,-22
41,35,6
36,36,0
43,36,7
35,63,-28
42,49,-7
22,46,-24
32,34,-2
42,36,6
48,29,19
20,30,-10
35,39,-4
30,30,0
38,24,14
38,28,10
43,28,15
36,23,13
34,17,17
25,21,4
30,27,3
21,28,-7
28,21,7
38,41,-3
43,27,16
44,31,13
46,26,20
32,24,8
30,19,11
27,26,1
30,15,15
35,13,22
38,20,18
39,18,21
37,18,19
30,16,14
17,18,-1
33,11,22
31,18,13
37,20,17
27,16,11
29,21,8
30,19,11
27,26,1
34,41,-7
31,17,14
38,24,14
26,17,9
34,15,19
34,16,18
20,15,5
47,14,33
39,15,24
35,14,21
35,12,23
28,11,17
21,13,8
24,12,12
27,24,3
32,19,13
27,37,-10
25,35,-10
21,40,-19
41,26,15
28,31,-3
27,16,11
25,20,5
21,18,3
25,24,1
31,21,10
30,17,13
26,25,1
24,30,-6
20,20,0
35,24,11
11,17,-6
32,22,10
20,24,-4
22,30,-8
26,21,5
14,59,-45
32,56,-24
25,38,-13
22,42,-20
25,27,-2
17,31,-14
22,23,-1
27,28,-1
24,25,-1
24,30,-6
23,26,-3
23,29,-6
23,26,-3
11,40,-29
13,47,-34
19,24,-5
24,19,5
16,32,-16
24,23,1
12,21,-9
24,15,9
12,21,-9
24,30,-6
13,35,-22
17,46,-29
10,20,-10
13,43,-30
15,33,-18
11,42,-31
10,30,-20
20,28,-8
15,29,-14
19,31,-12
10,36,-26
12,41,-29
16,38,-22
12,31,-19
11,34,-23
13,14,-1
11,45,-34
12,44,-32
15,55,-40
12,39,-27
9,23,-14
12,33,-21
9,35,-26
9,29,-20
13,24,-11
7,39,-32
9,32,-23
13,32,-19
9,17,-8
12,55,-43
14,50,-36
8,67,-59
8,52,-44
10,31,-21
9,24,-15
9,43,-34
8,43,-35
9,34,-25
7,44,-37
10,24,-14
8,20,-12
6,32,-26
8,25,-17
9,39,-30
10,24,-14
10,26,-16
10,25,-15
12,30,-18
11,59,-48
8,39,-31
16,32,-16
11,24,-13
6,32,-26
14,14,0
12,48,-36
12,57,-45
12,37,-25
11,35,-24
7,26,-19
17,27,-10
11,26,-15
10,38,-28
10,52,-42
11,30,-19
11,38,-27
8,44,-36
11,36,-25
10,43,-33
13,26,-13
9,38,-29
8,27,-19
12,38,-26
7,27,-20
12,25,-13
8,30,-22
10,18,-8
7,26,-19
11,23,-12
9,12,-3
14,28,-14
9,22,-13
8,33,-25
11,31,-20
11,32,-21
11,31,-20
11,35,-24
12,42,-30
7,31,-24
9,35,-26
8,38,-30
9,28,-19
7,15,-8
9,36,-27
12,31,-19
10,26,-16
8,20,-12
14,13,1
10,28,-18
15,22,-7
9,16,-7
11,17,-6
15,18,-3
12,14,-2
14,22,-8
10,13,-3
13,22,-9
11,23,-12
8,23,-15
10,14,-4
16,16,0
15,16,-1
10,34,-24
9,16,-7
9,16,-7
9,13,-4
7,9,-2
9,13,-4
9,25,-16
8,15,-7
8,13,-5
6,14,-8
7,22,-15
9,9,0
10,11,-1
7,11,-4
10,19,-9
7,17,-10
10,10,0
9,16,-7
14,22,-8
18,23,-5
13,17,-4
7,13,-6
9,13,-4
7,22,-15
14,12,2
13,11,2
13,15,-2
12,21,-9
9,18,-9
18,20,-2
14,14,0
16,16,0
15,11,4
15,17,-2
17,10,7
20,15,5
14,16,-2
15,9,6
14,19,-5
10,22,-12
10,26,-16
14,15,-1
20,19,1
17,14,3
11,22,-11
12,15,-3
17,19,-2
13,21,-8
23,16,7
10,11,-1
18,12,6
13,17,-4
18,18,0
24,17,7
14,16,-2
12,11,1
15,23,-8
21,14,7
26,20,6
14,22,-8
13,20,-7
17,21,-4
9,18,-9
14,20,-6
11,20,-9
14,22,-8
11,20,-9
17,24,-7
8,26,-18
18,27,-9
10,29,-19
13,31,-18
17,29,-12
16,15,1
12,31,-19
18,20,-2
16,34,-18
9,24,-15
17,20,-3
17,15,2
17,26,-9
15,22,-7
14,20,-6
13,19,-6
17,25,-8
21,26,-5
21,25,-4
21,22,-1
21,26,-5
16,26,-10
16,23,-7
15,31,-16
18,24,-6
28,29,-1
37,34,3
34,43,-9
48,30,18
32,31,1
33,64,-31
20,24,-4
26,43,-17
29,50,-21
22,29,-7
24,37,-13
28,41,-13
51,36,15
33,43,-10
49,37,12
16,40,-24
59,37,22
45,23,22
39,34,5
27,50,-23
33,54,-21
21,71,-50
19,44,-25
26,36,-10
15,29,-14
31,27,4
40,33,7
35,30,5
45,35,10
37,40,-3
38,27,11
24,35,-11
31,56,-25
32,43,-11
29,43,-14
32,35,-3
32,37,-5
37,48,-11
32,22,10
44,45,-1
43,42,1
44,29,15
33,34,-1
28,29,-1
28,28,0
37,53,-16
39,51,-12
18,42,-24
34,40,-6
59,37,22
36,43,-7
53,36,17
19,57,-38
51,63,-12
42,51,-9
38,41,-3
40,18,22
38,45,-7
34,31,3
34,32,2
14,36,-22
44,31,13
25,23,2
30,19,11
38,36,2
37,31,6
46,29,17
56,36,20
28,40,-12
29,22,7
26,33,-7
23,24,-1
42,43,-1
29,30,-1
31,24,7
66,51,15
81,31,50
38,25,13
47,27,20
36,25,11
28,17,11
28,24,4
33,14,19
30,38,-8
23,21,2
30,36,-6
37,23,14
17,25,-8
40,23,17
23,22,1
48,27,21
25,30,-5
33,26,7
33,20,13
25,33,-8
26,30,-4
28,33,-5
26,26,0
16,34,-18
32,25,7
22,16,6
34,16,18
31,25,6
33,19,14
36,25,11
35,19,16
31,26,5
26,28,-2
23,19,4
27,18,9
23,20,3
31,15,16
37,12,25
27,24,3
37,25,12
34,20,14
36,22,14
34,15,19
44,29,15
25,39,-14
38,25,13
31,30,1
31,20,11
45,23,22
45,22,23
45,30,15
38,19,19
37,22,15
50,28,22
36,20,16
37,14,23
30,14,16
33,27,6
37,21,16
47,29,18
24,29,-5
34,20,14
30,21,9
43,28,15
31,31,0
25,29,-4
34,25,9
27,22,5
28,23,5
18,20,-2
15,20,-5
23,35,-12
34,27,7
14,38,-24
22,28,-6
21,31,-10
24,45,-21
23,41,-18
27,38,-11
19,19,0
24,14,10
24,30,-6
22,17,5
22,21,1
31,15,16
31,20,11
22,29,-7
21,27,-6
19,21,-2
27,35,-8
24,26,-2
17,35,-18
19,34,-15
27,42,-15
15,27,-12
17,33,-16
21,33,-12
23,25,-2
19,23,-4
20,45,-25
26,25,1
10,19,-9
16,14,2
30,23,7
19,52,-33
15,34,-19
20,23,-3
20,33,-13
21,35,-14
21,26,-5
24,19,5
30,29,1
25,30,-5
20,24,-4
29,29,0
34,32,2
19,15,4
32,40,-8
34,36,-2
43,20,23
29,22,7
19,22,-3
55,21,34
67,25,42
56,24,32
27,19,8
32,24,8
31,24,7
25,24,1
29,27,2
32,26,6
37,32,5
23,27,-4
45,17,28
43,27,16
40,15,25
32,21,11
24,20,4
32,23,9
21,12,9
32,20,12
23,14,9
28,24,4
27,26,1
52,23,29
35,18,17
22,20,2
57,27,30
49,24,25
47,12,35
27,23,4
33,24,9
52,36,16
30,26,4
41,24,17
43,30,13
22,18,4
41,24,17
45,30,15
40,26,14
42,19,23
37,23,14
44,25,19
33,29,4
34,26,8
32,19,13
34,14,20
48,27,21
38,40,-2
41,20,21
52,19,33
41,18,23
20,13,7
35,22,13
46,23,23
53,14,39
41,33,8
45,26,19
52,24,28
39,20,19
42,21,21
42,16,26
51,27,24
41,16,25
35,12,23
19,27,-8
43,15,28
39,13,26
38,18,20
42,15,27
46,17,29
42,15,27
49,15,34
33,16,17
50,15,35
52,17,35
37,18,19
32,20,12
30,21,9
47,22,25
40,28,12
42,13,29
39,26,13
49,13,36
38,27,11
48,19,29
33,25,8
45,21,24
55,15,40
43,21,22
45,20,25
24,15,9
28,17,11
48,29,19
50,17,33
53,15,38
52,14,38
34,19,15
56,27,29
61,21,40
55,25,30
38,31,7
51,20,31
44,23,21
49,26,23
37,37,0
50,22,28
35,20,15
40,21,19
44,21,23
42,24,18
17,19,-2
40,22,18
36,25,11
41,21,20
41,23,18
39,22,17
30,29,1
58,29,29
62,31,31
44,23,21
45,15,30
40,16,24
57,24,33
24,23,1
58,14,44
41,15,26
45,24,21
34,26,8
24,25,-1
33,26,7
30,17,13
27,22,5
19,17,2
35,19,16
20,20,0
31,18,13
47,20,27
40,25,15
34,41,-7
34,38,-4
17,31,-14
29,23,6
22,20,2
29,31,-2
47,22,25
31,22,9
39,20,19
47,22,25
10,25,-15
30,24,6
42,28,14
30,23,7
25,32,-7
21,30,-9
17,33,-16
26,24,2
29,35,-6
28,20,8
18,24,-6
21,13,8
17,25,-8
39,29,10
28,27,1
33,47,-14
19,20,-1
20,32,-12
18,23,-5
21,25,-4
21,41,-20
36,29,7
18,15,3
25,26,-1
22,32,-10
16,28,-12
29,27,2
35,39,-4
29,30,-1
33,27,6
26,20,6
40,16,24
24,25,-1
35,24,11
17,35,-18
27,31,-4
31,32,-1
32,24,8
42,19,23
46,27,19
18,23,-5
59,31,28
65,24,41
29,18,11
39,31,8
30,29,1
46,20,26
20,35,-15
49,38,11
37,40,-3
34,41,-7
36,30,6
36,16,20
15,18,-3
39,24,15
46,24,22
35,27,8
34,32,2
34,25,9
19,30,-11
17,42,-25
24,17,7
35,26,9
47,34,13
50,40,10
45,28,17
54,35,19
35,32,3
59,47,12
50,36,14
39,27,12
26,40,-14
27,36,-9
28,49,-21
32,38,-6
25,28,-3
38,40,-2
35,33,2
20,35,-15
44,32,12
46,35,11
21,29,-8
39,30,9
24,25,-1
46,30,16
41,16,25
40,28,12
20,24,-4
33,36,-3
31,25,6
28,22,6
11,24,-13
36,47,-11
38,21,17
32,35,-3
25,23,2
19,27,-8
28,37,-9
34,15,19
27,45,-18
33,36,-3
46,56,-10
39,28,11
32,22,10
46,26,20
59,36,23
47,27,20
45,24,21
33,26,7
29,27,2
43,20,23
52,11,41
30,33,-3
53,33,20
45,42,3
69,28,41
23,25,-2
48,25,23
46,29,17
60,49,11
48,22,26
38,31,7
50,27,23
39,21,18
58,24,34
34,36,-2
36,38,-2
49,35,14
66,37,29
53,24,29
37,28,9
24,33,-9
37,38,-1
38,37,1
48,30,18
42,32,10
42,27,15
30,48,-18
22,41,-19
34,46,-12
37,31,6
39,38,1
37,26,11
40,28,12
35,27,8
29,34,-5
40,64,-24
41,33,8
41,23,18
42,24,18
32,72,-40
25,33,-8
56,45,11
38,37,1
62,29,33
59,27,32
40,24,16
35,47,-12
26,31,-5
27,37,-10
30,31,-1
36,33,3
25,19,6
29,32,-3
19,48,-29
27,51,-24
37,61,-24
23,46,-23
24,25,-1
27,41,-14
36,49,-13
33,25,8
32,41,-9
27,51,-24
27,42,-15
15,51,-36
22,52,-30
28,45,-17
27,40,-13
27,41,-14
21,34,-13
26,39,-13
21,34,-13
22,29,-7
21,66,-45
20,42,-22
16,37,-21
18,26,-8
27,33,-6
11,47,-36
31,39,-8
39,35,4
35,26,9
31,38,-7
26,33,-7
16,39,-23
20,35,-15
16,24,-8
24,38,-14
14,23,-9
23,21,2
28,32,-4
19,18,1
24,29,-5
20,17,3
23,23,0
26,19,7
18,21,-3
29,21,8
32,29,3
37,21,16
28,16,12
27,23,4
20,22,-2
31,31,0
35,18,17
22,15,7
61,15,46
53,19,34
42,22,20
39,22,17
26,20,6
34,16,18
29,34,-5
23,20,3
33,14,19
28,24,4
34,16,18
46,15,31
17,25,-8
62,15,47
44,12,32
30,26,4
44,29,15
23,13,10
11,24,-13
13,15,-2
20,22,-2
21,17,4
27,13,14
33,18,15
50,19,31
50,18,32
45,18,27
27,23,4
37,16,21
40,21,19
27,23,4
36,32,4
32,32,0
30,14,16
21,20,1
35,20,15
43,14,29
17,11,6
41,12,29
38,27,11
32,23,9
25,23,2
22,13,9
24,21,3
34,25,9
17,19,-2
20,23,-3
30,29,1
33,25,8
38,20,18
66,18,48
69,21,48
62,19,43
43,40,3
40,32,8
28,16,12
38,15,23
30,21,9
30,29,1
48,32,16
32,14,18
51,15,36
32,27,5
66,32,34
39,37,2
37,22,15
41,21,20
38,26,12
37,19,18
33,21,12
35,34,1
36,26,10
34,36,-2
24,22,2
47,17,30
39,24,15
42,21,21
43,21,22
45,16,29
28,12,16
36,25,11
51,44,7
45,41,4
36,42,-6
36,29,7
41,22,19
47,28,19
34,24,10
33,32,1
47,31,16
54,17,37
52,22,30
43,23,20
28,21,7
31,29,2
31,40,-9
26,30,-4
29,40,-11
44,17,27
39,55,-16
51,46,5
30,47,-17
44,25,19
36,32,4
49,48,1
36,39,-3
39,46,-7
35,35,0
23,51,-28
38,44,-6
18,50,-32
42,16,26
55,35,20
34,43,-9
40,34,6
20,41,-21
30,36,-6
31,33,-2
41,31,10
28,50,-22
29,46,-17
31,53,-22
17,25,-8
10,37,-27
24,59,-35
34,57,-23
41,41,0
29,45,-16
21,40,-19
22,72,-50
14,35,-21
18,58,-40
39,43,-4
30,44,-14
19,40,-21
23,33,-10
18,16,2
20,38,-18
31,28,3
36,38,-2
23,38,-15
31,40,-9
38,45,-7
27,42,-15
40,39,1
19,43,-24
28,40,-12
27,52,-25
16,40,-24
21,15,6
27,34,-7
25,60,-35
30,50,-20
19,40,-21
27,40,-13
27,39,-12
39,32,7
25,44,-19
41,43,-2
35,30,5
27,39,-12
22,36,-14
24,66,-42
20,42,-22
24,49,-25
25,48,-23
13,37,-24
17,42,-25
24,36,-12
31,58,-27
31,56,-25
20,48,-28
31,43,-12
23,52,-29
20,26,-6
13,48,-35
12,56,-44
17,39,-22
13,33,-20
28,34,-6
19,27,-8
16,40,-24
8,24,-16
30,24,6
24,19,5
22,24,-2
10,30,-20
11,43,-32
15,41,-26
17,28,-11
21,16,5
16,26,-10
19,22,-3
20,24,-4
16,29,-13
19,23,-4
18,16,2
19,14,5
27,18,9
17,19,-2
16,24,-8
14,24,-10
14,14,0
11,23,-12
23,15,8
25,10,15
22,13,9
11,13,-2
23,17,6
25,32,-7
28,18,10
27,22,5
23,24,-1
24,33,-9
22,23,-1
20,17,3
24,13,11
20,16,4
15,29,-14
17,17,0
16,17,-1
18,23,-5
29,21,8
16,18,-2
26,12,14
28,16,12
20,11,9
19,16,3
19,17,2
24,13,11
31,13,18
21,16,5
35,14,21
14,21,-7
29,13,16
38,19,19
27,19,8
26,11,15
29,15,14
17,10,7
26,11,15
19,11,8
21,12,9
20,15,5
38,12,26
20,11,9
26,16,10
25,16,9
26,13,13
20,14,6
22,10,12
36,13,23
27,19,8
32,13,19
17,14,3
26,11,15
21,13,8
22,14,8
19,8,11
33,14,19
46,16,30
23,16,7
39,15,24
18,12,6
27,12,15
22,18,4
19,23,-4
15,18,-3
20,18,2
18,20,-2
29,17,12
13,31,-18
14,26,-12
16,23,-7
19,13,6
23,16,7
17,22,-5
20,21,-1
20,30,-10
24,11,13
23,21,2
25,18,7
15,20,-5
26,37,-11
33,31,2
30,41,-11
12,28,-16
21,19,2
25,17,8
19,15,4
14,22,-8
21,19,2
9,34,-25
15,18,-3
11,15,-4
8,19,-11
12,21,-9
19,28,-9
23,39,-16
17,41,-24
13,35,-22
14,30,-16
18,43,-25
17,18,-1
11,30,-19
8,32,-24
16,35,-19
27,35,-8
15,22,-7
24,8,16
19,37,-18
17,38,-21
30,46,-16
22,37,-15
18,33,-15
14,21,-7
17,36,-19
13,51,-38
13,19,-6
18,24,-6
14,38,-24
11,52,-41
23,9,14
6,35,-29
15,46,-31
10,49,-39
20,42,-22
9,34,-25
10,27,-17
13,25,-12
6,34,-28
15,29,-14
11,21,-10
14,25,-11
17,31,-14
11,20,-9
8,35,-27
10,23,-13
10,31,-21
9,24,-15
10,30,-20
8,24,-16
6,34,-28
5,29,-24
9,44,-35
6,38,-32
7,26,-19
11,31,-20
12,61,-49
6,45,-39
10,43,-33
8,38,-30
7,35,-28
20,28,-8
10,24,-14
7,15,-8
9,39,-30
5,34,-29
6,28,-22
6,36,-30
8,28,-20
7,43,-36
10,30,-20
6,30,-24
9,32,-23
7,29,-22
8,38,-30
6,42,-36
7,33,-26
7,32,-25
7,32,-25
12,24,-12
7,33,-26
9,51,-42
8,26,-18
11,20,-9
6,47,-41
10,30,-20
11,23,-12
17,24,-7
10,24,-14
8,35,-27
6,22,-16
10,47,-37
10,12,-2
9,46,-37
9,54,-45
8,52,-44
9,32,-23
9,32,-23
10,20,-10
12,22,-10
9,19,-10
12,23,-11
12,24,-12
6,21,-15
12,38,-26
5,16,-11
20,27,-7
14,23,-9
11,29,-18
21,25,-4
21,27,-6
16,30,-14
14,19,-5
18,27,-9
10,27,-17
10,13,-3
13,23,-10
11,16,-5
14,17,-3
12,17,-5
15,8,7
15,18,-3
9,14,-5
15,18,-3
11,10,1
8,14,-6
12,18,-6
12,17,-5
10,22,-12
11,13,-2
10,13,-3
13,14,-1
15,13,2
14,21,-7
26,28,-2
9,15,-6
11,14,-3
12,13,-1
12,16,-4
16,14,2
12,20,-8
8,14,-6
20,14,6
26,18,8
12,16,-4
11,24,-13
7,22,-15
7,18,-11
14,14,0
13,19,-6
11,23,-12
15,17,-2
12,31,-19
15,28,-13
9,17,-8
15,16,-1
11,13,-2
10,16,-6
19,19,0
11,11,0
8,22,-14
7,16,-9
6,20,-14
7,11,-4
11,22,-11
8,25,-17
20,17,3
11,20,-9
9,11,-2
11,13,-2
14,14,0
7,16,-9
30,25,5
19,20,-1
7,18,-11
8,12,-4
13,26,-13
12,28,-16
8,22,-14
11,21,-10
10,26,-16
22,17,5
10,17,-7
9,23,-14
9,28,-19
10,25,-15
10,18,-8
6,20,-14
7,17,-10
5,23,-18
10,14,-4
6,24,-18
8,19,-11
6,22,-16
8,21,-13
25,16,9
16,16,0
7,9,-2
16,30,-14
11,37,-26
16,25,-9
13,16,-3
24,21,3
20,9,11
13,27,-14
17,28,-11
16,22,-6
16,28,-12
25,27,-2
17,27,-10
20,15,5
15,23,-8
27,36,-9
34,42,-8
10,24,-14
31,19,12
37,29,8
27,21,6
19,39,-20
20,29,-9
21,33,-12
15,22,-7
25,26,-1
20,11,9
34,33,1
29,46,-17
20,42,-22
7,39,-32
35,43,-8
24,22,2
19,31,-12
25,32,-7
21,41,-20
25,22,3
26,41,-15
22,39,-17
16,10,6
17,37,-20
26,34,-8
25,45,-20
27,48,-21
18,51,-33
21,50,-29
18,44,-26
16,42,-26
9,33,-24
20,38,-18
28,26,2
14,28,-14
23,39,-16
39,37,2
32,34,-2
48,25,23
27,67,-40
28,27,1
54,48,6
32,44,-12
27,45,-18
26,26,0
12,25,-13
29,44,-15
35,18,17
48,48,0
34,45,-11
47,45,2
23,36,-13
36,52,-16
27,34,-7
23,29,-6
33,40,-7
37,37,0
47,50,-3
35,29,6
26,25,1
33,47,-14
45,53,-8
15,47,-32
43,24,19
41,33,8
33,31,2
25,25,0
26,35,-9
37,43,-6
18,23,-5
22,29,-7
21,26,-5
25,13,12
18,32,-14
69,26,43
47,40,7
31,28,3
34,29,5
19,43,-24
33,41,-8
15,26,-11
28,49,-21
22,35,-13
30,29,1
29,28,1
42,32,10
34,28,6
27,24,3
30,18,12
29,26,3
28,24,4
24,20,4
28,27,1
31,25,6
29,37,-8
18,27,-9
27,20,7
15,16,-1
26,22,4
34,20,14
33,19,14
29,9,20
26,11,15
27,11,16
34,8,26
37,27,10
21,18,3
27,16,11
26,12,14
35,8,27
29,15,14
19,17,2
50,21,29
44,21,23
35,20,15
34,12,22
24,16,8
24,18,6
25,24,1
16,21,-5
26,14,12
19,13,6
26,12,14
24,9,15
30,12,18
24,18,6
18,15,3
17,16,1
22,9,13
13,18,-5
16,18,-2
24,10,14
21,10,11
15,11,4
25,13,12
8,14,-6
15,18,-3
25,20,5
19,12,7
15,18,-3
13,6,7
17,9,8
20,14,6
10,11,-1
20,9,11
16,9,7
17,5,12
18,5,13
22,17,5
31,16,15
29,18,11
24,15,9
28,12,16
32,7,25
31,14,17
23,18,5
27,12,15
31,8,23
39,10,29
18,15,3
60,17,43
29,14,15
41,15,26
32,14,18
37,14,23
22,14,8
20,15,5
20,11,9
18,13,5
19,15,4
23,14,9
33,17,16
39,26,13
52,19,33
24,29,-5
21,28,-7
33,24,9
24,21,3
32,24,8
22,16,6
25,29,-4
23,22,1
21,24,-3
32,22,10
9,63,-54
49,25,24
38,14,24
19,8,11
21,37,-16
23,24,-1
20,19,1
24,23,1
19,22,-3
20,30,-10
16,22,-6
20,17,3
26,20,6
38,38,0
29,37,-8
24,42,-18
14,28,-14
29,24,5
18,28,-10
25,31,-6
28,24,4
23,48,-25
17,37,-20
27,27,0
32,31,1
20,15,5
31,36,-5
25,41,-16
33,35,-2
22,41,-19
17,30,-13
21,25,-4
24,26,-2
22,28,-6
21,32,-11
22,29,-7
30,44,-14
18,26,-8
23,17,6
31,30,1
19,32,-13
29,39,-10
21,32,-11
28,22,6
25,22,3
36,34,2
35,29,6
23,29,-6
19,20,-1
26,25,1
21,23,-2
37,30,7
25,30,-5
23,14,9
28,41,-13
32,24,8
32,22,10
27,30,-3
26,36,-10
26,24,2
29,37,-8
21,33,-12
42,36,6
22,13,9
40,24,16
57,32,25
29,35,-6
41,30,11
43,23,20
26,16,10
25,29,-4
28,28,0
25,24,1
23,31,-8
23,20,3
22,29,-7
30,34,-4
22,27,-5
16,24,-8
40,25,15
32,21,11
34,26,8
32,25,7
38,32,6
29,39,-10
33,23,10
45,34,11
24,39,-15
43,35,8
50,33,17
39,46,-7
32,28,4
27,43,-16
31,46,-15
13,31,-18
22,36,-14
28,34,-6
30,27,3
21,13,8
32,40,-8
25,32,-7
20,35,-15
24,14,10
44,25,19
22,27,-5
20,22,-2
21,19,2
21,26,-5
28,24,4
37,22,15
32,24,8
21,27,-6
13,20,-7
16,22,-6
17,14,3
8,20,-12
18,15,3
24,11,13
18,10,8
17,10,7
14,9,5
15,14,1
18,8,10
17,11,6
17,17,0
13,12,1
18,12,6
23,15,8
9,17,-8
23,10,13
33,10,23
40,6,34
30,6,24
27,13,14
23,7,16
33,7,26
39,12,27
21,10,11
20,10,10
28,11,17
30,10,20
26,9,17
36,10,26
19,9,10
25,7,18
34,14,20
41,10,31
28,6,22
57,6,51
45,11,34
47,14,33
33,8,25
27,12,15
18,15,3
40,18,22
32,12,20
34,8,26
40,8,32
33,14,19
25,6,19
19,9,10
40,9,31
28,18,10
33,20,13
39,12,27
41,19,22
22,15,7
28,13,15
18,12,6
22,12,10
29,16,13
25,14,11
27,14,13
32,21,11
40,20,20
30,17,13
29,20,9
26,34,-8
27,19,8
16,29,-13
20,17,3
21,16,5
31,25,6
32,26,6
33,21,12
14,22,-8
33,32,1
22,22,0
20,11,9
19,22,-3
21,32,-11
17,13,4
22,14,8
26,22,4
17,14,3
19,18,1
21,20,1
17,18,-1
16,20,-4
27,20,7
20,16,4
20,28,-8
21,23,-2
20,37,-17
21,26,-5
25,15,10
18,13,5
22,10,12
27,14,13
38,22,16
19,18,1
26,14,12
37,15,22
26,13,13
22,17,5
31,18,13
7,22,-15
20,12,8
30,22,8
18,9,9
40,30,10
55,16,39
37,29,8
21,14,7
25,22,3
43,14,29
52,22,30
31,22,9
18,14,4
30,27,3
25,20,5
22,20,2
21,25,-4
28,30,-2
28,27,1
29,31,-2
29,33,-4
33,15,18
28,33,-5
28,44,-16
27,30,-3
17,26,-9
30,15,15
35,24,11
33,22,11
36,21,15
62,21,41
21,20,1
41,16,25
34,25,9
28,16,12
19,22,-3
15,33,-18
20,20,0
24,26,-2
20,32,-12
30,26,4
16,21,-5
31,18,13
35,25,10
23,30,-7
23,13,10
43,15,28
44,26,18
27,15,12
37,12,25
23,15,8
29,18,11
18,17,1
25,12,13
31,21,10
24,25,-1
21,16,5
17,26,-9
22,7,15
15,12,3
16,13,3
14,15,-1
17,12,5
14,10,4
22,7,15
25,19,6
19,16,3
17,13,4
7,10,-3
11,10,1
12,11,1
13,24,-11
19,13,6
14,10,4
10,15,-5
29,15,14
25,9,16
23,10,13
21,7,14
18,10,8
18,13,5
14,8,6
17,11,6
15,5,10
24,9,15
17,20,-3
17,18,-1
14,6,8
18,14,4
15,6,9
28,13,15
12,8,4
11,11,0
16,13,3
20,9,11
12,5,7
19,8,11
19,12,7
25,6,19
32,17,15
42,9,33
35,10,25
26,8,18
30,8,22
29,12,17
35,18,17
24,7,17
32,9,23
25,16,9
35,18,17
49,11,38
27,16,11
65,13,52
71,7,64
50,6,44
32,11,21
24,12,12
21,11,10
26,14,12
27,12,15
29,11,18
34,15,19
54,14,40
31,16,15
14,15,-1
65,9,56
50,11,39
47,16,31
37,21,16
20,23,-3
18,20,-2
18,11,7
25,11,14
16,17,-1
26,11,15
26,18,8
37,39,-2
15,21,-6
44,20,24
50,18,32
38,26,12
23,18,5
22,14,8
23,31,-8
18,16,2
28,18,10
20,13,7
31,21,10
26,21,5
22,13,9
9,20,-11
33,24,9
41,24,17
21,17,4
22,12,10
17,21,-4
16,15,1
18,18,0
27,21,6
19,23,-4
20,20,0
22,14,8
33,26,7
11,19,-8
42,7,35
52,9,43
23,15,8
29,19,10
18,9,9
24,23,1
32,17,15
31,26,5
18,19,-1
29,14,15
26,20,6
40,24,16
49,21,28
39,23,16
29,22,7
30,15,15
28,19,9
29,12,17
23,18,5
25,12,13
27,24,3
28,18,10
37,16,21
43,17,26
11,12,-1
33,17,16
34,35,-1
37,18,19
26,34,-8
14,32,-18
20,25,-5
31,38,-7
29,35,-6
30,20,10
36,16,20
50,24,26
47,23,24
16,22,-6
31,31,0
29,26,3
30,28,2
36,36,0
30,27,3
30,26,4
29,27,2
24,36,-12
23,35,-12
27,34,-7
46,27,19
28,19,9
20,26,-6
23,35,-12
25,24,1
32,27,5
15,24,-9
22,23,-1
27,29,-2
32,20,12
28,28,0
22,26,-4
30,27,3
25,31,-6
11,27,-16
24,36,-12
35,21,14
23,33,-10
22,23,-1
25,10,15
32,28,4
5,78,-73
31,28,3
37,19,18
23,16,7
27,23,4
16,35,-19
18,12,6
24,39,-15
19,31,-12
11,25,-14
13,13,0
18,32,-14
18,31,-13
6,18,-12
16,23,-7
20,30,-10
16,26,-10
13,32,-19
17,31,-14
16,30,-14
16,27,-11
15,20,-5
34,23,11
13,6,7
19,20,-1
31,27,4
6,22,-16
26,26,0
25,27,-2
18,16,2
15,24,-9
12,27,-15
16,33,-17
19,35,-16
38,20,18
25,21,4
23,8,15
19,24,-5
23,21,2
33,34,-1
38,35,3
50,24,26
37,19,18
45,21,24
54,29,25
47,17,30
57,20,37
28,15,13
21,25,-4
19,7,12
27,30,-3
33,32,1
30,27,3
29,22,7
29,16,13
40,19,21
40,16,24
54,25,29
45,27,18
39,17,22
23,19,4
32,31,1
33,19,14
14,23,-9
27,27,0
28,20,8
19,23,-4
29,14,15
32,26,6
7,24,-17
24,30,-6
21,17,4
22,22,0
18,29,-11
17,12,5
17,27,-10
25,35,-10
16,34,-18
24,35,-11
12,22,-10
22,15,7
24,21,3
15,23,-8
27,13,14
21,16,5
13,19,-6
25,16,9
12,20,-8
21,14,7
12,32,-20
18,17,1
19,20,-1
35,15,20
20,13,7
6,11,-5
24,14,10
29,10,19
25,19,6
16,44,-28
20,13,7
16,11,5
27,23,4
15,27,-12
8,19,-11
17,15,2
18,21,-3
8,21,-13
20,17,3
9,19,-10
15,14,1
16,16,0
6,18,-12
18,13,5
13,17,-4
11,16,-5
21,31,-10
17,14,3
26,21,5
24,17,7
8,11,-3
28,15,13
32,10,22
18,22,-4
15,15,0
17,11,6
9,11,-2
16,13,3
21,6,15
16,7,9
17,19,-2
14,15,-1
24,16,8
14,15,-1
22,21,1
19,12,7
22,18,4
26,11,15
23,8,15
18,18,0
14,11,3
15,9,6
11,14,-3
23,17,6
16,6,10
18,12,6
26,6,20
29,12,17
15,9,6
26,5,21
27,14,13
16,19,-3
15,10,5
22,14,8
19,8,11
22,16,6
17,19,-2
24,11,13
16,11,5
23,13,10
19,16,3
17,16,1
14,10,4
17,8,9
10,16,-6
13,8,5
15,9,6
16,17,-1
10,15,-5
15,14,1
15,16,-1
32,17,15
26,16,10
8,10,-2
10,9,1
12,25,-13
23,14,9
14,15,-1
8,16,-8
10,20,-10
13,18,-5
11,22,-11
16,13,3
9,11,-2
13,13,0
9,18,-9
15,18,-3
25,25,0
20,10,10
15,15,0
27,10,17
20,10,10
8,24,-16
11,12,-1
10,13,-3
17,19,-2
12,24,-12
16,17,-1
6,18,-12
15,19,-4
11,23,-12
11,12,-1
11,17,-6
18,24,-6
21,23,-2
16,20,-4
17,14,3
21,25,-4
10,27,-17
11,16,-5
12,18,-6
5,18,-13
14,16,-2
19,24,-5
11,17,-6
16,20,-4
16,22,-6
12,21,-9
13,18,-5
15,31,-16
13,34,-21
10,22,-12
15,23,-8
9,43,-34
7,34,-27
8,44,-36
25,25,0
17,30,-13
14,26,-12
6,41,-35
15,31,-16
11,22,-11
8,26,-18
18,27,-9
11,22,-11
12,26,-14
9,25,-16
7,25,-18
10,26,-16
17,23,-6
26,26,0
19,27,-8
6,22,-16
7,18,-11
10,52,-42
14,32,-18
13,34,-21
16,23,-7
16,27,-11
5,34,-29
12,34,-22
11,39,-28
11,24,-13
8,19,-11
8,23,-15
11,29,-18
7,15,-8
5,40,-35
10,33,-23
9,28,-19
9,31,-22
8,23,-15
17,18,-1
13,24,-11
6,23,-17
7,24,-17
7,19,-12
6,24,-18
6,31,-25
9,8,1
6,25,-19
6,33,-27
6,39,-33
6,27,-21
6,19,-13
7,20,-13
6,33,-27
10,32,-22
6,25,-19
5,26,-21
9,31,-22
7,33,-26
8,15,-7
12,22,-10
13,42,-29
13,13,0
7,19,-12
10,29,-19
12,28,-16
10,38,-28
13,46,-33
11,32,-21
5,26,-21
8,28,-20
6,32,-26
13,19,-6
8,33,-25
12,33,-21
11,36,-25
11,18,-7
12,28,-16
10,25,-15
10,25,-15
12,30,-18
8,20,-12
9,29,-20
13,26,-13
5,20,-15
15,27,-12
17,29,-12
7,17,-10
8,19,-11
8,14,-6
11,18,-7
5,26,-21
12,23,-11
7,13,-6
8,25,-17
9,21,-12
10,28,-18
7,16,-9
10,17,-7
11,17,-6
5,14,-9
9,11,-2
8,21,-13
11,20,-9
9,22,-13
10,16,-6
11,17,-6
14,31,-17
6,34,-28
15,31,-16
13,17,-4
15,17,-2
9,11,-2
10,12,-2
8,16,-8
13,16,-3
19,13,6
11,13,-2
8,10,-2
7,21,-14
11,16,-5
16,23,-7
10,13,-3
19,15,4
24,15,9
6,14,-8
10,12,-2
9,13,-4
12,20,-8
13,13,0
24,12,12
11,10,1
9,15,-6
6,13,-7
10,9,1
9,18,-9
6,17,-11
7,10,-3
14,8,6
11,19,-8
10,14,-4
7,18,-11
7,29,-22
7,17,-10
8,11,-3
16,11,5
8,12,-4
11,14,-3
8,15,-7
11,17,-6
9,13,-4
7,12,-5
10,16,-6
6,23,-17
16,17,-1
5,11,-6
5,9,-4
6,15,-9
9,17,-8
6,15,-9
6,17,-11
9,13,-4
9,14,-5
7,15,-8
7,23,-16
4,23,-19
8,24,-16
9,11,-2
16,14,2
17,30,-13
15,17,-2
16,18,-2
11,15,-4
10,26,-16
14,17,-3
18,26,-8
21,9,12
23,27,-4
28,22,6
40,17,23
56,22,34
54,19,35
40,18,22
33,28,5
36,15,21
30,20,10
21,13,8
24,13,11
11,21,-10
18,9,9
15,38,-23
18,28,-10
20,38,-18
30,24,6
28,44,-16
31,22,9
14,27,-13
22,25,-3
19,18,1
30,11,19
15,18,-3
20,25,-5
18,12,6
18,33,-15
22,30,-8
8,20,-12
27,17,10
35,20,15
16,22,-6
11,36,-25
16,23,-7
14,33,-19
13,34,-21
20,31,-11
19,37,-18
18,10,8
27,24,3
28,34,-6
11,28,-17
24,30,-6
35,23,12
19,26,-7
30,22,8
22,35,-13
16,43,-27
26,24,2
25,24,1
21,16,5
21,9,12
26,23,3
20,36,-16
25,27,-2
19,36,-17
15,29,-14
17,34,-17
16,24,-8
24,25,-1
17,19,-2
21,39,-18
18,41,-23
38,28,10
28,12,16
15,34,-19
46,31,15
39,36,3
14,46,-32
23,41,-18
17,31,-14
14,36,-22
15,29,-14
39,29,10
24,36,-12
24,39,-15
24,30,-6
26,28,-2
16,22,-6
23,54,-31
28,28,0
24,34,-10
18,38,-20
11,31,-20
14,21,-7
14,33,-19
14,29,-15
10,30,-20
17,27,-10
11,26,-15
19,21,-2
19,27,-8
30,53,-23
39,39,0
23,57,-34
26,24,2
26,39,-13
25,41,-16
14,33,-19
13,44,-31
13,36,-23
30,33,-3
28,22,6
26,50,-24
35,37,-2
29,54,-25
31,33,-2
27,29,-2
34,23,11
18,33,-15
29,25,4
53,23,30
29,22,7
28,25,3
31,24,7
42,14,28
50,20,30
24,22,2
29,19,10
20,33,-13
25,15,10
20,27,-7
17,20,-3
25,20,5
14,17,-3
16,24,-8
24,18,6
22,24,-2
21,18,3
14,14,0
23,14,9
30,19,11
19,10,9
15,9,6
15,15,0
45,11,34
21,14,7
16,11,5
11,15,-4
12,9,3
16,13,3
15,16,-1
12,13,-1
19,14,5
15,13,2
19,11,8
14,13,1
16,9,7
12,12,0
9,13,-4
14,13,1
34,16,18
24,11,13
21,11,10
16,6,10
15,10,5
11,7,4
20,15,5
18,7,11
18,14,4
11,5,6
6,8,-2
15,12,3
13,10,3
17,14,3
26,10,16
19,9,10
21,9,12
32,14,18
11,15,-4
20,13,7
17,14,3
19,13,6
20,9,11
16,11,5
17,8,9
18,10,8
21,12,9
15,9,6
18,15,3
30,8,22
27,15,12
21,12,9
41,8,33
28,11,17
47,15,32
37,7,30
56,13,43
46,17,29
31,18,13
26,18,8
20,11,9
21,12,9
27,24,3
35,28,7
16,11,5
29,17,12
39,17,22
40,14,26
33,16,17
31,19,12
25,29,-4
22,9,13
22,17,5
26,18,8
26,11,15
33,21,12
35,8,27
17,18,-1
26,13,13
40,14,26
32,15,17
27,18,9
30,32,-2
31,12,19
26,22,4
20,28,-8
25,22,3
18,22,-4
34,17,17
43,16,27
35,15,20
11,25,-14
35,29,6
25,33,-8
34,21,13
35,23,12
25,34,-9
49,32,17
35,52,-17
14,45,-31
18,21,-3
21,16,5
31,20,11
33,44,-11
12,21,-9
19,25,-6
26,28,-2
18,31,-13
21,22,-1
28,27,1
16,34,-18
23,37,-14
23,20,3
23,16,7
16,27,-11
32,33,-1
25,49,-24
13,30,-17
29,28,1
32,50,-18
24,19,5
20,49,-29
30,55,-25
39,46,-7
27,43,-16
25,46,-21
20,34,-14
19,44,-25
18,40,-22
25,33,-8
14,29,-15
38,36,2
37,35,2
14,47,-33
36,48,-12
15,45,-30
25,41,-16
22,42,-20
18,44,-26
10,39,-29
30,25,5
32,51,-19
33,69,-36
14,21,-7
26,35,-9
36,57,-21
23,33,-10
25,44,-19
20,63,-43
16,50,-34
56,45,11
32,44,-12
28,35,-7
16,37,-21
33,43,-10
25,48,-23
29,35,-6
20,37,-17
28,34,-6
23,13,10
26,38,-12
25,44,-19
18,54,-36
19,52,-33
24,30,-6
26,26,0
37,34,3
32,26,6
14,29,-15
45,39,6
39,36,3
33,41,-8
24,14,10
24,42,-18
16,32,-16
28,27,1
28,28,0
22,44,-22
27,26,1
22,25,-3
27,36,-9
19,38,-19
17,35,-18
23,58,-35
22,36,-14
12,7,5
11,26,-15
22,24,-2
23,25,-2
14,18,-4
18,28,-10
17,26,-9
20,16,4
10,28,-18
21,16,5
12,23,-11
30,21,9
15,23,-8
32,21,11
19,20,-1
13,15,-2
25,23,2
14,18,-4
22,19,3
22,14,8
21,22,-1
12,17,-5
29,16,13
21,10,11
18,22,-4
11,15,-4
12,12,0
10,15,-5
13,12,1
23,10,13
20,10,10
33,10,23
11,8,3
23,8,15
25,8,17
34,16,18
22,12,10
22,8,14
33,6,27
23,6,17
23,10,13
27,11,16
32,4,28
31,7,24
33,12,21
13,6,7
45,3,42
45,4,41
29,4,25
40,10,30
31,8,23
14,4,10
25,7,18
27,5,22
24,4,20
27,3,24
35,6,29
39,6,33
17,7,10
33,5,28
52,6,46
35,3,32
45,4,41
19,5,14
25,8,17
30,4,26
32,6,26
31,3,28
35,4,31
64,4,60
31,3,28
49,6,43
42,6,36
43,3,40
30,5,25
39,4,35
27,7,20
19,3,16
32,3,29
45,6,39
32,5,27
29,7,22
37,7,30
22,8,14
39,6,33
56,10,46
27,6,21
40,13,27
18,10,8
21,14,7
12,10,2
23,11,12
20,10,10
18,7,11
23,16,7
11,13,-2
19,6,13
14,17,-3
16,11,5
14,11,3
19,21,-2
8,18,-10
16,9,7
19,20,-1
13,15,-2
23,15,8
9,12,-3
15,15,0
13,14,-1
27,5,22
19,14,5
18,14,4
15,19,-4
14,13,1
9,19,-10
14,15,-1
10,12,-2
18,10,8
24,23,1
23,30,-7
20,30,-10
24,28,-4
24,11,13
20,26,-6
19,20,-1
20,24,-4
13,19,-6
14,19,-5
22,25,-3
24,21,3
13,21,-8
16,33,-17
27,23,4
7,33,-26
16,29,-13
34,6,28
29,17,12
15,21,-6
23,45,-22
20,28,-8
24,17,7
21,27,-6
23,14,9
20,8,12
21,22,-1
16,20,-4
26,22,4
23,22,1
25,12,13
22,34,-12
21,38,-17
20,26,-6
15,31,-16
15,32,-17
20,34,-14
26,23,3
13,18,-5
21,18,3
11,16,-5
30,29,1
16,22,-6
34,18,16
29,22,7
19,14,5
20,21,-1
15,36,-21
8,19,-11
18,31,-13
11,18,-7
16,24,-8
12,14,-2
12,17,-5
23,27,-4
18,9,9
20,19,1
25,34,-9
12,19,-7
10,19,-9
21,17,4
11,24,-13
6,14,-8
7,16,-9
9,18,-9
9,14,-5
12,15,-3
4,14,-10
14,10,4
8,14,-6
8,40,-32
9,21,-12
6,22,-16
8,14,-6
7,28,-21
16,11,5
12,27,-15
16,26,-10
7,17,-10
7,20,-13
10,16,-6
16,12,4
12,20,-8
5,24,-19
6,31,-25
10,19,-9
5,17,-12
6,10,-4
11,15,-4
8,15,-7
8,9,-1
9,14,-5
1,20,-19
12,7,5
8,13,-5
11,16,-5
4,13,-9
6,18,-12
7,9,-2
13,12,1
6,15,-9
8,9,-1
6,16,-10
15,15,0
25,9,16
1,14,-13
24,16,8
16,19,-3
19,17,2
14,9,5
5,10,-5
4,9,-5
10,7,3
7,8,-1
9,10,-1
10,6,4
6,8,-2
10,5,5
7,6,1
16,8,8
19,7,12
16,9,7
6,6,0
7,3,4
18,5,13
13,5,8
8,9,-1
2,10,-8
10,11,-1
9,7,2
1,6,-5
12,3,9
22,8,14
28,3,25
14,6,8
5,4,1
8,3,5
5,8,-3
4,5,-1
11,4,7
8,4,4
11,6,5
14,4,10
10,4,6
17,2,15
12,4,8
13,4,9
6,3,3
4,6,-2
5,4,1
6,4,2
5,5,0
9,5,4
8,2,6
10,4,6
1,6,-5
3,3,0
1,4,-3
4,2,2
1,2,-1
3,2,1
1,2,-1
1,2,-1
2,2,0
2,2,0
1,2,-1
3,3,0
3,3,0
1,2,-1
2,2,0
1,3,-2
1,4,-3
3,2,1
1,6,-5
1,7,-6
1,2,-1
1,3,-2
1,4,-3
1,3,-2
1,2,-1
,3,-3
,4,-4
,5,-5
,2,-2
,2,-2
,4,-4
,9,-9
,5,-5
,3,-3
,4,-4
,2,-2
,5,-5
,3,-3
,3,-3
,10,-10
,7,-7
,8,-8
,4,-4
,8,-8
,6,-6
,9,-9
,5,-5
,5,-5
,6,-6
,19,-19
,10,-10
,25,-25
,13,-13
,7,-7
,6,-6
,6,-6
,10,-10
,5,-5
,2,-2
,3,-3
,3,-3
,4,-4
,8,-8
,4,-4
,7,-7
,4,-4
,4,-4
,10,-10
,10,-10
,13,-13
,19,-19
,12,-12
,6,-6
,11,-11
,7,-7
,6,-6
,12,-12
,8,-8
,12,-12
,4,-4
,8,-8
,12,-12
,9,-9
,15,-15
,16,-16
,6,-6
,13,-13
,2,-2
,5,-5
,10,-10
,6,-6
,11,-11
,7,-7
,5,-5
,5,-5
,5,-5
,7,-7
,9,-9
,7,-7
,3,-3
,8,-8
,10,-10
,10,-10
,4,-4
,5,-5
,3,-3
,4,-4
,9,-9
,6,-6
,7,-7
,7,-7
,3,-3
,3,-3
,10,-10
,3,-3
,4,-4
,9,-9
,4,-4
,10,-10
,5,-5
,6,-6
,4,-4
,6,-6
,6,-6
,5,-5
,6,-6
,4,-4
,4,-4
,3,-3
,4,-4
,8,-8
,8,-8
,5,-5
,3,-3
,2,-2
,2,-2
,8,-8
,3,-3
,3,-3
,6,-6
,3,-3
,7,-7
,4,-4
,12,-12
,4,-4
,4,-4
,8,-8
,6,-6
,7,-7
,6,-6
,12,-12
,7,-7
,4,-4
,11,-11
,2,-2
,6,-6
,2,-2
,3,-3
,4,-4
,6,-6
,8,-8
,7,-7
,3,-3
,6,-6
,3,-3
,4,-4
,2,-2
,7,-7
,4,-4
,6,-6
,3,-3
,9,-9
,4,-4
,4,-4
,12,-12
,4,-4
,2,-2
,3,-3
,7,-7
,6,-6
,2,-2
,2,-2
,3,-3
,3,-3
,3,-3
,6,-6
,3,-3
,3,-3
,4,-4
,6,-6
,6,-6
,7,-7
,6,-6
,3,-3
,3,-3
,4,-4
,2,-2
,2,-2
,3,-3
,2,-2
,3,-3
,3,-3
,2,-2
,7,-7
,8,-8
,2,-2
,3,-3
,1,-1
,3,-3
,1,-1
,4,-4
,6,-6
,2,-2
,2,-2
,1,-1
,1,-1
,2,-2
,1,-1
,2,-2
,2,-2
,2,-2
,3,-3
,1,-1
,1,-1
,3,-3
,1,-1
,1,-1
,5,-5
,1,-1
,1,-1
,1,-1
,2,-2
,2,-2
,2,-2
,3,-3
,1,-1
,1,-1
,1,-1
,1,-1
,1,-1
,1,-1
,1,-1
,2,-2
,2,-2
,1,-1
,1,-1
,1,-1
,1,-1
,1,-1
,1,-1
,1,-1
,1,-1
,3,-3
,4,-4
,1,-1
,1,-1
,1,-1
,1,-1
,2,-2
,1,-1
,2,-2
,3,-3
,1,-1
,1,-1
,1,-1
,1,-1
,1,-1
,2,-2
,1,-1
,2,-2
,3,-3
,3,-3
,2,-2
,2,-2
,2,-2
,3,-3
,6,-6
,8,-8
,3,-3
,5,-5
,1,-1
,4,-4
,5,-5
,2,-2
,8,-8
,9,-9
,8,-8
,6,-6
,5,-5
,8,-8
,10,-10
,8,-8
,14,-14
,1,-1
,9,-9
,5,-5
,4,-4
,12,-12
,10,-10
,5,-5
,14,-14
,13,-13
,5,-5
,10,-10
,4,-4
,5,-5
,2,-2
,11,-11
,9,-9
,18,-18
,5,-5
,9,-9
,6,-6
,10,-10
,12,-12
,5,-5
,19,-19
,14,-14
,18,-18
,14,-14
,14,-14
,50,-50
,20,-20
,10,-10
,8,-8
,8,-8
,16,-16
,19,-19
,13,-13
,10,-10
,19,-19
,8,-8
,13,-13
,14,-14
,8,-8
,10,-10
,12,-12
,29,-29
,30,-30
,16,-16
,12,-12
,16,-16
,2,-2
,13,-13
,16,-16
,16,-16
,19,-19
,15,-15
,10,-10
,15,-15
,19,-19
,42,-42
,24,-24
,18,-18
,20,-20
,2,-2
,9,-9
,8,-8
,19,-19
,21,-21
,12,-12
,10,-10
,9,-9
,14,-14
,5,-5
,10,-10
,25,-25
,14,-14
,1,-1
,26,-26
,24,-24
,16,-16
,15,-15
,8,-8
,14,-14
,15,-15
,9,-9
,9,-9
,6,-6
,15,-15
,23,-23
,3,-3
,19,-19
,15,-15
,17,-17
,13,-13
,11,-11
,7,-7
,3,-3
,11,-11
,12,-12
,18,-18
,22,-22
,14,-14
,1,-1
,9,-9
,36,-36
,10,-10
,15,-15
,11,-11
,14,-14
,14,-14
,8,-8
,17,-17
,14,-14
,13,-13
,18,-18
,11,-11
,10,-10
,18,-18
,6,-6
,6,-6
,9,-9
,6,-6
,12,-12
,12,-12
,5,-5
,5,-5
,5,-5
,2,-2
,5,-5
,8,-8
,8,-8
,4,-4
,6,-6
,3,-3
,8,-8
,3,-3
,6,-6
,1,-1
,4,-4
,4,-4
,5,-5
,2,-2
,5,-5
,4,-4
,2,-2
,9,-9
,12,-12
,14,-14
,3,-3
,2,-2
,13,-13
,3,-3
,2,-2
,1,-1
,9,-9
,1,-1
,1,-1
,5,-5
,1,-1
,3,-3
,1,-1
,2,-2
,1,-1
,1,-1
,2,-2
,2,-2
,1,-1
,2,-2
,2,-2
,3,-3
,2,-2
,1,-1
,3,-3
,1,-1
,1,-1
,1,-1
,3,-3
,1,-1
,1,-1
,3,-3
,2,-2
,1,-1
,3,-3
,1,-1
,1,-1
,1,-1
,3,-3
,2,-2
,1,-1
,2,-2
,1,-1
,4,-4
,2,-2
,1,-1
,1,-1
,1,-1
,3,-3
,3,-3
,5,-5
,3,-3
,5,-5
,1,-1
,5,-5
,5,-5
,5,-5
,7,-7
,6,-6
,9,-9
,12,-12
,7,-7
,8,-8
,10,-10
,10,-10
,1,-1
,8,-8
,9,-9
,6,-6
,21,-21
,3,-3
,10,-10
,2,-2
,8,-8
,20,-20
,5,-5
,5,-5
,10,-10
,5,-5
,12,-12
,7,-7
,15,-15
,7,-7
,9,-9
,18,-18
,18,-18
,15,-15
,15,-15
,21,-21
,10,-10
,15,-15
,14,-14
,12,-12
,8,-8
,14,-14
,14,-14
,12,-12
,14,-14
,8,-8
,19,-19
,11,-11
,27,-27
,2,-2
,33,-33
,16,-16
,28,-28
,13,-13
,14,-14
,17,-17
,11,-11
,27,-27
,33,-33
,26,-26
,15,-15
,23,-23
,1,-1
,13,-13
,15,-15
,16,-16
,17,-17
,11,-11
,12,-12
,17,-17
,18,-18
,23,-23
,12,-12
,12,-12
,17,-17
,21,-21
,21,-21
,15,-15
,20,-20
,23,-23
,31,-31
,19,-19
,22,-22
,18,-18
,14,-14
,11,-11
,6,-6
,18,-18
,18,-18
,18,-18
,17,-17
,11,-11
,16,-16
,14,-14
,16,-16
,19,-19
,17,-17
,20,-20
,14,-14
,2,-2
,16,-16
,23,-23
,31,-31
,12,-12
,12,-12
,20,-20
,14,-14
,19,-19
,15,-15
,16,-16
,10,-10
,22,-22
,2,-2
,31,-31
,16,-16
,15,-15
,19,-19
,14,-14
,15,-15
,32,-32
,38,-38
,12,-12
,22,-22
,14,-14
,13,-13
,34,-34
,9,-9
,13,-13
,18,-18
,14,-14
,7,-7
,10,-10
,13,-13
,10,-10
,13,-13
,4,-4
,21,-21
,2,-2
,4,-4
,6,-6
,4,-4
,5,-5
,1,-1
,9,-9
,9,-9
,4,-4
,13,-13
,7,-7
,7,-7
,4,-4
,4,-4
,6,-6
,5,-5
,3,-3
,3,-3
,7,-7
,1,-1
,1,-1
,5,-5
,1,-1
,7,-7
,7,-7
,2,-2
,2,-2
,1,-1
,1,-1
,1,-1
,2,-2
,1,-1
,1,-1
,4,-4
,1,-1
,1,-1
,3,-3
,1,-1
,1,-1
,2,-2
,1,-1
,1,-1
,3,-3
,1,-1
,1,-1
,1,-1
,1,-1
,1,-1
,2,-2
,1,-1
,1,-1
,3,-3
,3,-3
,1,-1
,2,-2
,1,-1
,2,-2
,1,-1
,1,-1
,1,-1
,1,-1
,1,-1
,1,-1
,1,-1
,1,-1
,1,-1
,2,-2
,1,-1
,1,-1
,5,-5
,2,-2
,3,-3
,3,-3
,2,-2
,5,-5
,2,-2
,2,-2
,5,-5
,5,-5
,8,-8
,4,-4
,6,-6
,6,-6
,7,-7
,5,-5
,7,-7
,11,-11
,7,-7
,11,-11
,12,-12
,1,-1
,13,-13
,10,-10
,9,-9
,16,-16
,12,-12
,6,-6
,9,-9
,27,-27
,5,-5
,7,-7
,8,-8
,14,-14
,2,-2
,18,-18
,11,-11
,13,-13
,11,-11
,1,-1
,6,-6
,21,-21
,13,-13
,13,-13
,13,-13
,13,-13
,20,-20
,22,-22
,18,-18
,37,-37
,16,-16
,11,-11
,28,-28
,5,-5
,6,-6
,8,-8
,10,-10
,12,-12
,10,-10
,2,-2
,10,-10
,7,-7
,7,-7
,21,-21
,3,-3
,13,-13
,10,-10
,21,-21
,16,-16
,32,-32
,16,-16
,15,-15
,18,-18
,24,-24
,22,-22
,8,-8
,8,-8
,20,-20
,7,-7
,9,-9
,21,-21
,23,-23
,18,-18
,10,-10
,2,-2
,17,-17
,14,-14
,18,-18
,14,-14
,10,-10
,21,-21
,20,-20
,14,-14
,12,-12
,14,-14
,15,-15
,29,-29
,34,-34
,20,-20
,26,-26
,17,-17
,9,-9
,9,-9
,11,-11
,14,-14
,15,-15
,11,-11
,10,-10
,14,-14
,17,-17
,27,-27
,30,-30
,19,-19
,10,-10
,13,-13
,24,-24
,17,-17
,7,-7
,6,-6
,16,-16
,15,-15
,2,-2
,20,-20
,27,-27
,45,-45
,30,-30
,13,-13
,8,-8
,13,-13
,10,-10
,13,-13
,12,-12
,8,-8
,10,-10
,1,-1
,20,-20
,29,-29
,28,-28
,16,-16
,10,-10
,6,-6
,6,-6
,8,-8
,7,-7
,9,-9
,9,-9
,10,-10
,6,-6
,3,-3
,8,-8
,8,-8
,4,-4
,7,-7
,4,-4
,4,-4
,3,-3
,6,-6
,2,-2
,4,-4
,2,-2
,11,-11
,3,-3
,2,-2
,5,-5
,3,-3
,5,-5
,5,-5
,4,-4
,1,-1
,6,-6
,1,-1
,3,-3
,1,-1
,3,-3
,1,-1
,4,-4
,2,-2
,2,-2
,1,-1
,3,-3
,2,-2
,1,-1
,3,-3
,2,-2
,1,-1
,1,-1
,2,-2
,1,-1
,1,-1
,1,-1
,1,-1
,1,-1
,1,-1
,1,-1
,1,-1
,2,-2
,1,-1
,1,-1
